file_name,file_type,clean_text_file,clean_text
abstract_001.docx,.docx,abstracts_clean/abstract_001_clean.txt,"Test 
Abstract: This file is all about testing.
Author : [Name here], contact via [EMAIL_REMOVED] but also my secondary email, [EMAIL_REMOVED]
Main text:
Water is good, llyod is water. Lloyd is good."
abstract_001.pdf,.pdf,abstracts_clean/abstract_001_clean.txt,"Test  
Abstract: This file is all about testing. 
Author : [Name here], contact via [EMAIL_REMOVED] but also my secondary email, 
[EMAIL_REMOVED] 
Main text: 
Water is good, llyod is water. Lloyd is good. 
"
